股票代码,股票名称,trade_date,target_date,close_t,actual_close_t5,actual_return_5,actual_direction,pred_return_5,pred_close_t5,pred_direction,split,model_name,rank_by_date
002049,紫光国微,2026-03-02,2026-03-09,79.94999694824219,73.81999969482422,-0.0766728891482809,0,-0.0050491965,79.54631589701876,0,test,cnn_bilstm_final,9
002230,科大讯飞,2026-03-02,2026-03-09,54.31999969482422,53.5,-0.015095723479953386,0,-0.0009264548,54.269675746246776,0,test,cnn_bilstm_final,3
002261,拓维信息,2026-03-02,2026-03-09,35.83000183105469,42.959999084472656,0.19899516854722113,1,-0.016140368,35.251693356285614,0,test,cnn_bilstm_final,10
002881,美格智能,2026-03-02,2026-03-09,48.22999954223633,49.0,0.015965176551357034,1,-0.0018822605,48.139218380716784,0,test,cnn_bilstm_final,5
300308,中际旭创,2026-03-02,2026-03-09,569.5800170898438,524.989990234375,-0.07828579921622367,0,0.0018877614,570.6552692831319,1,test,cnn_bilstm_final,1
300502,新易盛,2026-03-02,2026-03-09,381.0,384.0,0.007874015748031496,1,-0.00057682383,380.78024142980576,0,test,cnn_bilstm_final,2
603019,中科曙光,2026-03-02,2026-03-09,90.44999694824219,86.61000061035156,-0.04245435563793296,0,-0.0029272023,90.18523315488528,0,test,cnn_bilstm_final,6
603893,瑞芯微,2026-03-02,2026-03-09,175.58999633789062,175.27999877929688,-0.0017654625266761597,0,-0.0029456113,175.07277810400592,0,test,cnn_bilstm_final,7
603986,兆易创新,2026-03-02,2026-03-09,293.1499938964844,276.0899963378906,-0.05819545595698661,0,-0.0016030616,292.68005483830893,0,test,cnn_bilstm_final,4
688981,中芯国际,2026-03-02,2026-03-09,112.52999877929688,105.13999938964844,-0.06567137181030558,0,-0.003956228,112.08480774527925,0,test,cnn_bilstm_final,8
002049,紫光国微,2026-03-03,2026-03-10,75.12999725341797,75.29000091552734,0.0021296907754391778,1,-0.0033946,74.87496068456312,0,test,cnn_bilstm_final,9
002230,科大讯飞,2026-03-03,2026-03-10,52.150001525878906,53.70000076293945,0.029721940397094245,1,0.0020434614,52.25656930520017,1,test,cnn_bilstm_final,1
002261,拓维信息,2026-03-03,2026-03-10,37.5099983215332,41.7599983215332,0.11330312423821733,1,-0.015901905,36.913517209756264,0,test,cnn_bilstm_final,10
002881,美格智能,2026-03-03,2026-03-10,44.459999084472656,49.13999938964844,0.10526316692638527,1,-0.0021766298,44.363225564565255,0,test,cnn_bilstm_final,4
300308,中际旭创,2026-03-03,2026-03-10,562.7999877929688,546.0,-0.029850725226292618,0,0.0018068823,563.8168858784411,1,test,cnn_bilstm_final,2
300502,新易盛,2026-03-03,2026-03-10,382.20001220703125,397.3299865722656,0.03958653553636918,1,-0.00025881338,382.1010975567697,0,test,cnn_bilstm_final,3
603019,中科曙光,2026-03-03,2026-03-10,83.27999877929688,88.19000244140625,0.05895777778673533,1,-0.0025105032,83.07092533894865,0,test,cnn_bilstm_final,6
603893,瑞芯微,2026-03-03,2026-03-10,165.47999572753906,175.55999755859375,0.060913718221574625,1,-0.0028210396,165.01317198766537,0,test,cnn_bilstm_final,7
603986,兆易创新,2026-03-03,2026-03-10,272.8900146484375,285.44000244140625,0.04598917922715795,1,-0.0023917805,272.23732843292964,0,test,cnn_bilstm_final,5
688981,中芯国际,2026-03-03,2026-03-10,108.30999755859375,107.27999877929688,-0.009509729503406778,0,-0.0030068127,107.98432933468575,0,test,cnn_bilstm_final,8
002049,紫光国微,2026-03-04,2026-03-11,74.4800033569336,75.52999877929688,0.014097682264209158,1,-0.005571003,74.0650746826077,0,test,cnn_bilstm_final,9
002230,科大讯飞,2026-03-04,2026-03-11,51.720001220703125,53.08000183105469,0.026295448148736016,1,0.00046199886,51.74389871653693,1,test,cnn_bilstm_final,2
002261,拓维信息,2026-03-04,2026-03-11,37.20000076293945,41.08000183105469,0.10430110184246798,1,-0.015545869,36.62169531589825,0,test,cnn_bilstm_final,10
002881,美格智能,2026-03-04,2026-03-11,45.86000061035156,48.2599983215332,0.05233313735804685,1,-0.0041171717,45.671186236014364,0,test,cnn_bilstm_final,8
300308,中际旭创,2026-03-04,2026-03-11,538.0,553.6799926757812,0.029144967798849907,1,0.0022583348,539.2149658203125,1,test,cnn_bilstm_final,1
300502,新易盛,2026-03-04,2026-03-11,369.3699951171875,393.2300109863281,0.0645965188958316,1,-0.00037358515,369.2319977802399,0,test,cnn_bilstm_final,4
603019,中科曙光,2026-03-04,2026-03-11,82.33000183105469,88.05000305175781,0.0694765103059375,1,-0.0026890533,82.10861122413826,0,test,cnn_bilstm_final,5
603893,瑞芯微,2026-03-04,2026-03-11,165.1999969482422,173.38999938964844,0.04957628688075709,1,-0.0031483383,164.67989493377172,0,test,cnn_bilstm_final,7
603986,兆易创新,2026-03-04,2026-03-11,279.07000732421875,281.5299987792969,0.008814961803545407,1,4.6203728e-05,279.0829152062943,1,test,cnn_bilstm_final,3
688981,中芯国际,2026-03-04,2026-03-11,106.69000244140625,107.0999984741211,0.0038428720904755066,1,-0.0030813413,106.36125621997053,0,test,cnn_bilstm_final,6
002049,紫光国微,2026-03-05,2026-03-12,74.91000366210938,75.20999908447266,0.004004744462654772,1,-0.004790958,74.55111270044108,0,test,cnn_bilstm_final,8
002230,科大讯飞,2026-03-05,2026-03-12,52.189998626708984,52.68000030517578,0.00938880420311089,1,-0.00033311325,52.172612553696354,0,test,cnn_bilstm_final,4
002261,拓维信息,2026-03-05,2026-03-12,35.5,39.720001220703125,0.11887327382262323,1,-0.016967362,34.89765885472298,0,test,cnn_bilstm_final,10
002881,美格智能,2026-03-05,2026-03-12,45.099998474121094,46.2599983215332,0.025720618329460272,1,-0.005616593,44.84668958448083,0,test,cnn_bilstm_final,9
300308,中际旭创,2026-03-05,2026-03-12,556.0,533.7999877929688,-0.03992807950904901,0,0.0041968767,558.3334665298462,1,test,cnn_bilstm_final,1
300502,新易盛,2026-03-05,2026-03-12,401.239990234375,378.7699890136719,-0.056001400078735414,0,0.00040823896,401.40381323892507,1,test,cnn_bilstm_final,2
603019,中科曙光,2026-03-05,2026-03-12,84.79000091552734,89.87000274658203,0.05991274650551869,1,-0.0019370249,84.62575999201817,0,test,cnn_bilstm_final,6
603893,瑞芯微,2026-03-05,2026-03-12,166.86000061035156,169.72999572753906,0.017200018618539144,1,-0.002708947,166.40798162414194,0,test,cnn_bilstm_final,7
603986,兆易创新,2026-03-05,2026-03-12,282.79998779296875,274.7799987792969,-0.028359226873599163,0,-0.00022591068,282.73610282220034,0,test,cnn_bilstm_final,3
688981,中芯国际,2026-03-05,2026-03-12,106.9000015258789,106.01000213623047,-0.008325532057480671,0,-0.0017422448,106.71375566455117,0,test,cnn_bilstm_final,5
002049,紫光国微,2026-03-06,2026-03-13,75.16000366210938,73.73999786376953,-0.018893104432560256,0,-0.0053349202,74.75903152657884,0,test,cnn_bilstm_final,9
002230,科大讯飞,2026-03-06,2026-03-13,52.529998779296875,51.79999923706055,-0.013896812472876652,0,-0.00047398475,52.50510081349057,0,test,cnn_bilstm_final,3
002261,拓维信息,2026-03-06,2026-03-13,39.04999923706055,36.900001525878906,-0.05505756090108133,0,-0.016896132,38.39020542599383,0,test,cnn_bilstm_final,10
002881,美格智能,2026-03-06,2026-03-13,46.27000045776367,44.779998779296875,-0.03220232685813144,0,-0.002764531,46.142085975931195,0,test,cnn_bilstm_final,7
300308,中际旭创,2026-03-06,2026-03-13,544.47998046875,541.02001953125,-0.006354615526031415,0,0.0048528016,547.1222175413277,1,test,cnn_bilstm_final,1
300502,新易盛,2026-03-06,2026-03-13,402.0,394.0299987792969,-0.019825873683341107,0,0.00019192393,402.07715463638306,1,test,cnn_bilstm_final,2
603019,中科曙光,2026-03-06,2026-03-13,84.19000244140625,89.0999984741211,0.05832041679927561,1,-0.0027703862,83.95676546552932,0,test,cnn_bilstm_final,8
603893,瑞芯微,2026-03-06,2026-03-13,168.49000549316406,167.2100067138672,-0.007596882530511917,0,-0.0018077535,168.18541780849682,0,test,cnn_bilstm_final,6
603986,兆易创新,2026-03-06,2026-03-13,284.989990234375,278.3299865722656,-0.023369254676742175,0,-0.0009701196,284.71351426356705,0,test,cnn_bilstm_final,4
688981,中芯国际,2026-03-06,2026-03-13,106.5,107.05999755859375,0.005258193038438967,1,-0.001406396,106.35022142529488,0,test,cnn_bilstm_final,5
002049,紫光国微,2026-03-09,2026-03-16,73.81999969482422,74.56999969482422,0.010159848321600374,1,-0.0044970713,73.48802737373262,0,test,cnn_bilstm_final,8
002230,科大讯飞,2026-03-09,2026-03-16,53.5,52.130001068115234,-0.02560745667074328,0,0.00033964496,53.518170058727264,1,test,cnn_bilstm_final,2
002261,拓维信息,2026-03-09,2026-03-16,42.959999084472656,37.31999969482422,-0.13128490479151206,0,-0.016195145,42.26425681166393,0,test,cnn_bilstm_final,10
002881,美格智能,2026-03-09,2026-03-16,49.0,45.22999954223633,-0.07693878485231984,0,-0.007929571,48.611451387405396,0,test,cnn_bilstm_final,9
300308,中际旭创,2026-03-09,2026-03-16,524.989990234375,560.7000122070312,0.06802038636339328,1,0.005549865,527.9036362153711,1,test,cnn_bilstm_final,1
300502,新易盛,2026-03-09,2026-03-16,384.0,413.2300109863281,0.07611982027689616,1,-0.0013046889,383.4990005493164,0,test,cnn_bilstm_final,3
603019,中科曙光,2026-03-09,2026-03-16,86.61000061035156,88.12999725341797,0.017549897614072264,1,-0.0038049864,86.2804511422537,0,test,cnn_bilstm_final,7
603893,瑞芯微,2026-03-09,2026-03-16,175.27999877929688,169.0,-0.03582838214874882,0,-0.0026780828,174.81058206408306,0,test,cnn_bilstm_final,5
603986,兆易创新,2026-03-09,2026-03-16,276.0899963378906,306.1600036621094,0.10891378797882195,1,-0.0015350878,275.6661821743437,0,test,cnn_bilstm_final,4
688981,中芯国际,2026-03-09,2026-03-16,105.13999938964844,108.5999984741211,0.032908494431790065,1,-0.0027063575,104.85545386837202,0,test,cnn_bilstm_final,6
002049,紫光国微,2026-03-10,2026-03-17,75.29000091552734,72.70999908447266,-0.03426752290718334,0,-0.0024347622,75.106685564077,0,test,cnn_bilstm_final,5
002230,科大讯飞,2026-03-10,2026-03-17,53.70000076293945,51.16999816894531,-0.04711364167689543,0,0.00015542982,53.70834836971699,1,test,cnn_bilstm_final,2
002261,拓维信息,2026-03-10,2026-03-17,41.7599983215332,37.16999816894531,-0.109913801175157,0,-0.014698752,41.146178804273404,0,test,cnn_bilstm_final,10
002881,美格智能,2026-03-10,2026-03-17,49.13999938964844,43.400001525878906,-0.11680907478762989,0,-0.006917673,48.800065804173755,0,test,cnn_bilstm_final,9
300308,中际旭创,2026-03-10,2026-03-17,546.0,542.0,-0.007326007326007326,0,0.0074357027,550.0598809719086,1,test,cnn_bilstm_final,1
300502,新易盛,2026-03-10,2026-03-17,397.3299865722656,389.3299865722656,-0.02013439778108712,0,-0.0003210816,397.2024077989063,0,test,cnn_bilstm_final,3
603019,中科曙光,2026-03-10,2026-03-17,88.19000244140625,85.38999938964844,-0.031749665202902615,0,-0.002904715,87.9338357812776,0,test,cnn_bilstm_final,8
603893,瑞芯微,2026-03-10,2026-03-17,175.55999755859375,165.4600067138672,-0.05753013776020164,0,-0.0028672735,175.05661763652824,0,test,cnn_bilstm_final,7
603986,兆易创新,2026-03-10,2026-03-17,285.44000244140625,296.0,0.036995506825506896,1,-0.0014070324,285.0383805812817,0,test,cnn_bilstm_final,4
688981,中芯国际,2026-03-10,2026-03-17,107.27999877929688,106.0199966430664,-0.011744986489258114,0,-0.002825276,106.9769048725284,0,test,cnn_bilstm_final,6
002049,紫光国微,2026-03-11,2026-03-18,75.52999877929688,74.5999984741211,-0.012312992456061031,0,-0.0023526633,75.35230275500908,0,test,cnn_bilstm_final,5
002230,科大讯飞,2026-03-11,2026-03-18,53.08000183105469,51.58000183105469,-0.028259230374073168,0,0.001177366,53.14249349809688,1,test,cnn_bilstm_final,2
002261,拓维信息,2026-03-11,2026-03-18,41.08000183105469,38.91999816894531,-0.0525804178634799,0,-0.014826648,40.470922800572225,0,test,cnn_bilstm_final,10
002881,美格智能,2026-03-11,2026-03-18,48.2599983215332,43.9900016784668,-0.08847900521291917,0,-0.0025974615,48.13464533049728,0,test,cnn_bilstm_final,8
300308,中际旭创,2026-03-11,2026-03-18,553.6799926757812,579.0,0.04573039961558698,1,0.0063028717,557.169745513529,1,test,cnn_bilstm_final,1
300502,新易盛,2026-03-11,2026-03-18,393.2300109863281,430.8999938964844,0.09579630714265591,1,-0.000114916475,393.18482187621703,0,test,cnn_bilstm_final,3
603019,中科曙光,2026-03-11,2026-03-18,88.05000305175781,87.48999786376953,-0.006360081414864885,0,-0.0025444082,87.82596835313598,0,test,cnn_bilstm_final,6
603893,瑞芯微,2026-03-11,2026-03-18,173.38999938964844,166.75,-0.03829516934668639,0,-0.002555023,172.9469857386448,0,test,cnn_bilstm_final,7
603986,兆易创新,2026-03-11,2026-03-18,281.5299987792969,311.25,0.10556601907280892,1,-0.002241067,280.89906892632825,0,test,cnn_bilstm_final,4
688981,中芯国际,2026-03-11,2026-03-18,107.0999984741211,106.5999984741211,-0.004668534146812491,0,-0.00320472,106.75677475226166,0,test,cnn_bilstm_final,9
002049,紫光国微,2026-03-12,2026-03-19,75.20999908447266,72.5,-0.03603243076002303,0,-0.0019965353,75.05984102908769,0,test,cnn_bilstm_final,4
002230,科大讯飞,2026-03-12,2026-03-19,52.68000030517578,50.36000061035156,-0.04403947762688756,0,0.00051882316,52.70733062759973,1,test,cnn_bilstm_final,2
002261,拓维信息,2026-03-12,2026-03-19,39.720001220703125,38.130001068115234,-0.040030214091714075,0,-0.013879014,39.16872727845657,0,test,cnn_bilstm_final,10
002881,美格智能,2026-03-12,2026-03-19,46.2599983215332,42.38999938964844,-0.08365756749462203,0,-0.003526892,46.09684548612336,0,test,cnn_bilstm_final,8
300308,中际旭创,2026-03-12,2026-03-19,533.7999877929688,574.2000122070312,0.07568382416249027,1,0.005781073,536.8859146127725,1,test,cnn_bilstm_final,1
300502,新易盛,2026-03-12,2026-03-19,378.7699890136719,440.3999938964844,0.16271089756424165,1,-0.00036180473,378.6329499582462,0,test,cnn_bilstm_final,3
603019,中科曙光,2026-03-12,2026-03-19,89.87000274658203,84.7699966430664,-0.05674870310059705,0,-0.0032429695,89.57855706754708,0,test,cnn_bilstm_final,7
603893,瑞芯微,2026-03-12,2026-03-19,169.72999572753906,160.89999389648438,-0.052023814607461284,0,-0.0027101538,169.26999967242864,0,test,cnn_bilstm_final,6
603986,兆易创新,2026-03-12,2026-03-19,274.7799987792969,303.67999267578125,0.10517502738507846,1,-0.0025282782,274.0852861876356,0,test,cnn_bilstm_final,5
688981,中芯国际,2026-03-12,2026-03-19,106.01000213623047,105.95999908447266,-0.0004716823955305178,0,-0.0048381602,105.49710787037611,0,test,cnn_bilstm_final,9
002049,紫光国微,2026-03-13,2026-03-20,73.73999786376953,70.36000061035156,-0.04583668770457957,0,-0.0019485725,73.59630846916662,0,test,cnn_bilstm_final,4
002230,科大讯飞,2026-03-13,2026-03-20,51.79999923706055,49.060001373291016,-0.05289571243486018,0,0.00021248707,51.81100316031461,1,test,cnn_bilstm_final,2
002261,拓维信息,2026-03-13,2026-03-20,36.900001525878906,35.56999969482422,-0.03604340856522522,0,-0.01588199,36.31395513972166,0,test,cnn_bilstm_final,10
002881,美格智能,2026-03-13,2026-03-20,44.779998779296875,41.2400016784668,-0.07905308613958079,0,-0.003789341,44.61031100616492,0,test,cnn_bilstm_final,9
300308,中际旭创,2026-03-13,2026-03-20,541.02001953125,611.0,0.1293482273158431,1,0.0063210595,544.4398463410907,1,test,cnn_bilstm_final,1
300502,新易盛,2026-03-13,2026-03-20,394.0299987792969,477.04998779296875,0.21069458993190218,1,0.0001683085,394.0963232944341,1,test,cnn_bilstm_final,3
603019,中科曙光,2026-03-13,2026-03-20,89.0999984741211,83.76000213623047,-0.05993261985791858,0,-0.0032269245,88.81247849360761,0,test,cnn_bilstm_final,7
603893,瑞芯微,2026-03-13,2026-03-20,167.2100067138672,156.0800018310547,-0.06656303113400604,0,-0.0030559986,166.6990146485432,0,test,cnn_bilstm_final,6
603986,兆易创新,2026-03-13,2026-03-20,278.3299865722656,290.20001220703125,0.04264731149147557,1,-0.002671035,277.5865496582828,0,test,cnn_bilstm_final,5
688981,中芯国际,2026-03-13,2026-03-20,107.05999755859375,102.18000030517578,-0.0455818920670828,0,-0.0034489394,106.69075157053885,0,test,cnn_bilstm_final,8
002049,紫光国微,2026-03-16,2026-03-23,74.56999969482422,66.4800033569336,-0.108488619699594,0,-0.0018807147,74.42975549695666,0,test,cnn_bilstm_final,5
002230,科大讯飞,2026-03-16,2026-03-23,52.130001068115234,46.45000076293945,-0.10895837691915747,0,0.002256439,52.24762686016766,1,test,cnn_bilstm_final,2
002261,拓维信息,2026-03-16,2026-03-23,37.31999969482422,34.279998779296875,-0.08145768864914946,0,-0.015003348,36.76007566433054,0,test,cnn_bilstm_final,10
002881,美格智能,2026-03-16,2026-03-23,45.22999954223633,38.029998779296875,-0.15918639919984973,0,-0.0064707096,44.937330678087164,0,test,cnn_bilstm_final,9
300308,中际旭创,2026-03-16,2026-03-23,560.7000122070312,598.6199951171875,0.06762971657677579,1,0.0057256585,563.9103686316375,1,test,cnn_bilstm_final,1
300502,新易盛,2026-03-16,2026-03-23,413.2300109863281,460.44000244140625,0.11424627979558843,1,-0.00016995205,413.1597896360563,0,test,cnn_bilstm_final,3
603019,中科曙光,2026-03-16,2026-03-23,88.12999725341797,79.58000183105469,-0.09701572323641125,0,-0.001230145,88.02158672312999,0,test,cnn_bilstm_final,4
603893,瑞芯微,2026-03-16,2026-03-23,169.0,145.9199981689453,-0.13656805817192122,0,-0.0033209873,168.43875235319138,0,test,cnn_bilstm_final,7
603986,兆易创新,2026-03-16,2026-03-23,306.1600036621094,273.3500061035156,-0.10716617835817704,0,-0.002818536,305.2970840875405,0,test,cnn_bilstm_final,6
688981,中芯国际,2026-03-16,2026-03-23,108.5999984741211,98.04000091552734,-0.09723754794628428,0,-0.005083336,108.04794965565998,0,test,cnn_bilstm_final,8
002049,紫光国微,2026-03-17,2026-03-24,72.70999908447266,67.4000015258789,-0.07302981193033338,0,-0.0017960692,72.57940707192347,0,test,cnn_bilstm_final,4
002230,科大讯飞,2026-03-17,2026-03-24,51.16999816894531,46.83000183105469,-0.0848152529449285,0,0.0004928849,51.195221417239736,1,test,cnn_bilstm_final,2
002261,拓维信息,2026-03-17,2026-03-24,37.16999816894531,34.970001220703125,-0.05918743762759275,0,-0.012237463,36.715130716916065,0,test,cnn_bilstm_final,10
002881,美格智能,2026-03-17,2026-03-24,43.400001525878906,38.779998779296875,-0.10645167244584493,0,-0.0072651743,43.08469398105217,0,test,cnn_bilstm_final,9
300308,中际旭创,2026-03-17,2026-03-24,542.0,602.1900024414062,0.11105166502104474,1,0.004338089,544.351274728775,1,test,cnn_bilstm_final,1
300502,新易盛,2026-03-17,2026-03-24,389.3299865722656,468.0,0.20206512763211476,1,-0.0009970348,388.94182189194,0,test,cnn_bilstm_final,3
603019,中科曙光,2026-03-17,2026-03-24,85.38999938964844,80.68000030517578,-0.05515867335916195,0,-0.002169632,85.20473647250037,0,test,cnn_bilstm_final,5
603893,瑞芯微,2026-03-17,2026-03-24,165.4600067138672,149.99000549316406,-0.09349692126784245,0,-0.0035564937,164.87154986377936,0,test,cnn_bilstm_final,7
603986,兆易创新,2026-03-17,2026-03-24,296.0,273.7099914550781,-0.07530408292203336,0,-0.0031716037,295.0611996650696,0,test,cnn_bilstm_final,6
688981,中芯国际,2026-03-17,2026-03-24,106.0199966430664,99.25,-0.06385584660843466,0,-0.00521038,105.46759009203015,0,test,cnn_bilstm_final,8
002049,紫光国微,2026-03-18,2026-03-25,74.5999984741211,68.9800033569336,-0.07533505673109482,0,-0.002361773,74.4238101041592,0,test,cnn_bilstm_final,5
002230,科大讯飞,2026-03-18,2026-03-25,51.58000183105469,47.56999969482422,-0.07774335001702488,0,0.00018321315,51.58945256028346,1,test,cnn_bilstm_final,2
002261,拓维信息,2026-03-18,2026-03-25,38.91999816894531,35.720001220703125,-0.08221986379216994,0,-0.011871041,38.457977319042584,0,test,cnn_bilstm_final,10
002881,美格智能,2026-03-18,2026-03-25,43.9900016784668,39.2599983215332,-0.10752450958075187,0,-0.005817919,43.734072680244935,0,test,cnn_bilstm_final,9
300308,中际旭创,2026-03-18,2026-03-25,579.0,627.4000244140625,0.08359244285675733,1,0.0030463473,580.7638617753983,1,test,cnn_bilstm_final,1
300502,新易盛,2026-03-18,2026-03-25,430.8999938964844,476.20001220703125,0.10512884416849018,1,-0.0001250403,430.8461096175197,0,test,cnn_bilstm_final,3
603019,中科曙光,2026-03-18,2026-03-25,87.48999786376953,83.05000305175781,-0.050748598930419726,0,-0.0030745696,87.22100230694969,0,test,cnn_bilstm_final,7
603893,瑞芯微,2026-03-18,2026-03-25,166.75,153.88999938964844,-0.07712144294063905,0,-0.0028095907,166.28150184452534,0,test,cnn_bilstm_final,6
603986,兆易创新,2026-03-18,2026-03-25,311.25,278.3999938964844,-0.10554218828438755,0,-0.0023439429,310.52044473588467,0,test,cnn_bilstm_final,4
688981,中芯国际,2026-03-18,2026-03-25,106.5999984741211,99.98999786376953,-0.062007511303635236,0,-0.005650757,105.99762760070917,0,test,cnn_bilstm_final,8
002049,紫光国微,2026-03-19,2026-03-26,72.5,67.72000122070312,-0.06593101764547414,0,-0.002125799,72.34587952494621,0,test,cnn_bilstm_final,4
002230,科大讯飞,2026-03-19,2026-03-26,50.36000061035156,46.56999969482422,-0.07525815864959112,0,0.0011221819,50.41651642867873,1,test,cnn_bilstm_final,2
002261,拓维信息,2026-03-19,2026-03-26,38.130001068115234,33.650001525878906,-0.1174927725345006,0,-0.00903773,37.78539229619764,0,test,cnn_bilstm_final,10
002881,美格智能,2026-03-19,2026-03-26,42.38999938964844,37.93000030517578,-0.10521347366571984,0,-0.004669187,42.192072451580316,0,test,cnn_bilstm_final,8
300308,中际旭创,2026-03-19,2026-03-26,574.2000122070312,613.2000122070312,0.06792058371802737,1,0.0013803652,574.9925944735223,1,test,cnn_bilstm_final,1
300502,新易盛,2026-03-19,2026-03-26,440.3999938964844,457.0,0.0376930207392724,1,-0.0010787189,439.9249234742201,0,test,cnn_bilstm_final,3
603019,中科曙光,2026-03-19,2026-03-26,84.7699966430664,81.95999908447266,-0.033148492035756004,0,-0.0026010335,84.54950755158006,0,test,cnn_bilstm_final,6
603893,瑞芯微,2026-03-19,2026-03-26,160.89999389648438,149.64999389648438,-0.06991920712711605,0,-0.0028957129,160.4340737161947,0,test,cnn_bilstm_final,7
603986,兆易创新,2026-03-19,2026-03-26,303.67999267578125,262.0,-0.13724971575681044,0,-0.0023594801,302.9634568577967,0,test,cnn_bilstm_final,5
688981,中芯国际,2026-03-19,2026-03-26,105.95999908447266,96.87999725341797,-0.08569273225281925,0,-0.0060798596,105.3157779105536,0,test,cnn_bilstm_final,9
002049,紫光国微,2026-03-20,2026-03-27,70.36000061035156,67.88999938964844,-0.03510519043883765,0,-0.00070017285,70.31073624329747,0,test,cnn_bilstm_final,3
002230,科大讯飞,2026-03-20,2026-03-27,49.060001373291016,46.7400016784668,-0.04728902629194097,0,0.0005016641,49.084611473772384,1,test,cnn_bilstm_final,2
002261,拓维信息,2026-03-20,2026-03-27,35.56999969482422,34.72999954223633,-0.023615410733616587,0,-0.008350504,35.27297271387306,0,test,cnn_bilstm_final,10
002881,美格智能,2026-03-20,2026-03-27,41.2400016784668,38.310001373291016,-0.07104753118149514,0,-0.003982133,41.075778766147096,0,test,cnn_bilstm_final,8
300308,中际旭创,2026-03-20,2026-03-27,611.0,597.0,-0.022913256955810146,0,0.00056025677,611.342333316803,1,test,cnn_bilstm_final,1
300502,新易盛,2026-03-20,2026-03-27,477.04998779296875,447.4100036621094,-0.062131820331840365,0,-0.00074978813,476.6923115374775,0,test,cnn_bilstm_final,4
603019,中科曙光,2026-03-20,2026-03-27,83.76000213623047,81.43000030517578,-0.027817595172276662,0,-0.0031072837,83.49973389915431,0,test,cnn_bilstm_final,7
603893,瑞芯微,2026-03-20,2026-03-27,156.0800018310547,151.8300018310547,-0.02722962551346147,0,-0.0027076642,155.65739022235994,0,test,cnn_bilstm_final,6
603986,兆易创新,2026-03-20,2026-03-27,290.20001220703125,258.6600036621094,-0.10868369131018835,0,-0.0018894216,289.65170608836706,0,test,cnn_bilstm_final,5
688981,中芯国际,2026-03-20,2026-03-27,102.18000030517578,97.5,-0.045801529567413034,0,-0.004003539,101.77092014190566,0,test,cnn_bilstm_final,9
002049,紫光国微,2026-03-23,2026-03-30,66.4800033569336,67.62999725341797,0.01729834293644685,1,-0.00022635667,66.46495371742549,0,test,cnn_bilstm_final,2
002230,科大讯飞,2026-03-23,2026-03-30,46.45000076293945,46.400001525878906,-0.0010764098221595555,0,0.0013820768,46.514199889760675,1,test,cnn_bilstm_final,1
002261,拓维信息,2026-03-23,2026-03-30,34.279998779296875,35.029998779296875,0.02187864722016724,1,-0.006140345,34.06950754438367,0,test,cnn_bilstm_final,10
002881,美格智能,2026-03-23,2026-03-30,38.029998779296875,38.09000015258789,0.0015777379757287747,1,-0.0022643462,37.94388666012128,0,test,cnn_bilstm_final,7
300308,中际旭创,2026-03-23,2026-03-30,598.6199951171875,588.0800170898438,-0.017607126579994067,0,-0.00093060767,598.0629149685046,0,test,cnn_bilstm_final,4
300502,新易盛,2026-03-23,2026-03-30,460.44000244140625,458.3800048828125,-0.0044739760830313545,0,-0.00064174185,460.14450898729046,0,test,cnn_bilstm_final,3
603019,中科曙光,2026-03-23,2026-03-30,79.58000183105469,79.9000015258789,0.004021106904515608,1,-0.0020878843,79.41384745334744,0,test,cnn_bilstm_final,6
603893,瑞芯微,2026-03-23,2026-03-30,145.9199981689453,149.4499969482422,0.024191329657295247,1,-0.0031494675,145.46043045620627,0,test,cnn_bilstm_final,8
603986,兆易创新,2026-03-23,2026-03-30,273.3500061035156,255.85000610351562,-0.0640204851262117,0,-0.0012782123,273.0006042193836,0,test,cnn_bilstm_final,5
688981,中芯国际,2026-03-23,2026-03-30,98.04000091552734,95.83000183105469,-0.022541810116636196,0,-0.0033309213,97.71343496971349,0,test,cnn_bilstm_final,9
002049,紫光国微,2026-03-24,2026-03-31,67.4000015258789,66.04000091552734,-0.020178050141873908,0,-0.001212578,67.3182724934195,0,test,cnn_bilstm_final,7
002230,科大讯飞,2026-03-24,2026-03-31,46.83000183105469,46.209999084472656,-0.013239434600467701,0,0.0009601993,46.87496944245686,1,test,cnn_bilstm_final,1
002261,拓维信息,2026-03-24,2026-03-31,34.970001220703125,34.18000030517578,-0.022590817499304038,0,-0.0051767617,34.78896912658092,0,test,cnn_bilstm_final,10
002881,美格智能,2026-03-24,2026-03-31,38.779998779296875,38.2400016784668,-0.013924629134293874,0,5.3257565e-05,38.78206523173503,1,test,cnn_bilstm_final,2
300308,中际旭创,2026-03-24,2026-03-31,602.1900024414062,568.4099731445312,-0.056095300752127375,0,-0.0010504188,601.5574544422016,0,test,cnn_bilstm_final,6
300502,新易盛,2026-03-24,2026-03-31,468.0,442.8399963378906,-0.05376069158570379,0,-0.00018702762,467.9124655723572,0,test,cnn_bilstm_final,3
603019,中科曙光,2026-03-24,2026-03-31,80.68000030517578,78.5999984741211,-0.025780885265084107,0,-0.00067046966,80.62590495804352,0,test,cnn_bilstm_final,5
603893,瑞芯微,2026-03-24,2026-03-31,149.99000549316406,152.22999572753906,0.014934263299810931,1,-0.0032624179,149.500678005179,0,test,cnn_bilstm_final,9
603986,兆易创新,2026-03-24,2026-03-31,273.7099914550781,238.10000610351562,-0.1301011525456384,0,-0.00061767135,273.54092546454376,0,test,cnn_bilstm_final,4
688981,中芯国际,2026-03-24,2026-03-31,99.25,94.05000305175781,-0.052392916355085015,0,-0.0026558,98.98641143739223,0,test,cnn_bilstm_final,8
002049,紫光国微,2026-03-25,2026-04-01,68.9800033569336,67.4000015258789,-0.022905215340147878,0,-0.0010686796,68.90628776072344,0,test,cnn_bilstm_final,6
002230,科大讯飞,2026-03-25,2026-04-01,47.56999969482422,47.0099983215332,-0.01177215423341585,0,0.0024284986,47.685524944517965,1,test,cnn_bilstm_final,1
002261,拓维信息,2026-03-25,2026-04-01,35.720001220703125,35.22999954223633,-0.01371785167193092,0,-0.0062524956,35.49666306924519,0,test,cnn_bilstm_final,10
002881,美格智能,2026-03-25,2026-04-01,39.2599983215332,38.58000183105469,-0.017320339265158684,0,-0.0002002177,39.25213799867856,0,test,cnn_bilstm_final,4
300308,中际旭创,2026-03-25,2026-04-01,627.4000244140625,600.8699951171875,-0.042285668257108784,0,-4.289334e-05,627.3730993260397,0,test,cnn_bilstm_final,3
300502,新易盛,2026-03-25,2026-04-01,476.20001220703125,460.6000061035156,-0.03275935679046857,0,-0.00027076376,476.0710649099674,0,test,cnn_bilstm_final,5
603019,中科曙光,2026-03-25,2026-04-01,83.05000305175781,80.38999938964844,-0.03202894117236368,0,-0.001382151,82.93521365399556,0,test,cnn_bilstm_final,7
603893,瑞芯微,2026-03-25,2026-04-01,153.88999938964844,153.0,-0.005783347801535596,0,-0.0030663554,153.41811710485217,0,test,cnn_bilstm_final,9
603986,兆易创新,2026-03-25,2026-04-01,278.3999938964844,255.0,-0.08405170405709506,0,5.1185605e-05,278.41423149077673,1,test,cnn_bilstm_final,2
688981,中芯国际,2026-03-25,2026-04-01,99.98999786376953,96.33000183105469,-0.03660362147123328,0,-0.002466605,99.74336063375495,0,test,cnn_bilstm_final,8
002049,紫光国微,2026-03-26,2026-04-02,67.72000122070312,65.9000015258789,-0.026875364176275514,0,-0.00027575798,67.70132871117312,0,test,cnn_bilstm_final,4
002230,科大讯飞,2026-03-26,2026-04-02,46.56999969482422,45.880001068115234,-0.014816376019553006,0,0.000810359,46.60773931240146,1,test,cnn_bilstm_final,1
002261,拓维信息,2026-03-26,2026-04-02,33.650001525878906,33.439998626708984,-0.006240799097985681,0,-0.004461763,33.499863117085624,0,test,cnn_bilstm_final,10
002881,美格智能,2026-03-26,2026-04-02,37.93000030517578,36.779998779296875,-0.030319048685111174,0,-0.0012589246,37.882249859783315,0,test,cnn_bilstm_final,6
300308,中际旭创,2026-03-26,2026-04-02,613.2000122070312,581.0,-0.05251143438685996,0,8.839357e-05,613.2541786681468,1,test,cnn_bilstm_final,3
300502,新易盛,2026-03-26,2026-04-02,457.0,447.489990234375,-0.02080964937773523,0,0.00044281897,457.2023881673813,1,test,cnn_bilstm_final,2
603019,中科曙光,2026-03-26,2026-04-02,81.95999908447266,78.08000183105469,-0.04734013295216148,0,-0.0031909784,81.69846519762359,0,test,cnn_bilstm_final,9
603893,瑞芯微,2026-03-26,2026-04-02,149.64999389648438,149.30999755859375,-0.0022719435466586565,0,-0.0027207914,149.24283020070834,0,test,cnn_bilstm_final,7
603986,兆易创新,2026-03-26,2026-04-02,262.0,246.99000549316406,-0.05729005536960281,0,-0.0004111157,261.89229357242584,0,test,cnn_bilstm_final,5
688981,中芯国际,2026-03-26,2026-04-02,96.87999725341797,93.19999694824219,-0.03798514047796331,0,-0.0030448972,96.58500703217442,0,test,cnn_bilstm_final,8
002049,紫光国微,2026-03-27,2026-04-03,67.88999938964844,64.91999816894531,-0.0437472565533117,0,0.0015005717,67.99187556652032,1,test,cnn_bilstm_final,2
002230,科大讯飞,2026-03-27,2026-04-03,46.7400016784668,45.720001220703125,-0.021822858817602223,0,0.003221782,46.890586290998726,1,test,cnn_bilstm_final,1
002261,拓维信息,2026-03-27,2026-04-03,34.72999954223633,33.56999969482422,-0.03340051433059751,0,-0.00030423678,34.719433908601786,0,test,cnn_bilstm_final,5
002881,美格智能,2026-03-27,2026-04-03,38.310001373291016,36.02000045776367,-0.05977553728629954,0,0.0012818986,38.35910933551395,1,test,cnn_bilstm_final,3
300308,中际旭创,2026-03-27,2026-04-03,597.0,605.52001953125,0.01427138949958124,1,-0.0014749769,596.1194390058517,0,test,cnn_bilstm_final,7
300502,新易盛,2026-03-27,2026-04-03,447.4100036621094,455.29998779296875,0.017634795972997528,1,-0.00019692851,447.32189353393915,0,test,cnn_bilstm_final,4
603019,中科曙光,2026-03-27,2026-04-03,81.43000030517578,77.88999938964844,-0.04347293260788969,0,-0.002098944,81.25908541496119,0,test,cnn_bilstm_final,8
603893,瑞芯微,2026-03-27,2026-04-03,151.8300018310547,149.13999938964844,-0.017717199558487048,0,-0.003024287,151.37082538229788,0,test,cnn_bilstm_final,10
603986,兆易创新,2026-03-27,2026-04-03,258.6600036621094,249.10000610351562,-0.03695970549463878,0,-0.00050786603,258.52863252811403,0,test,cnn_bilstm_final,6
688981,中芯国际,2026-03-27,2026-04-03,97.5,91.77999877929688,-0.05866667918669872,0,-0.0026626587,97.24039077758789,0,test,cnn_bilstm_final,9
002049,紫光国微,2026-03-30,2026-04-07,67.62999725341797,65.58000183105469,-0.030311925264194448,0,1.1938391e-06,67.63007787465722,1,test,cnn_bilstm_final,5
002230,科大讯飞,2026-03-30,2026-04-07,46.400001525878906,45.58000183105469,-0.017672406634876427,0,0.0023445706,46.50879135489595,1,test,cnn_bilstm_final,1
002261,拓维信息,2026-03-30,2026-04-07,35.029998779296875,33.810001373291016,-0.03482721805651023,0,0.00032644067,35.04143239696714,1,test,cnn_bilstm_final,4
002881,美格智能,2026-03-30,2026-04-07,38.09000015258789,35.900001525878906,-0.05749536933410048,0,0.0013658284,38.14202274462559,1,test,cnn_bilstm_final,2
300308,中际旭创,2026-03-30,2026-04-07,588.0800170898438,618.530029296875,0.051778688821489505,1,0.0006399868,588.4564086928076,1,test,cnn_bilstm_final,3
300502,新易盛,2026-03-30,2026-04-07,458.3800048828125,458.70001220703125,0.0006981267088658497,1,-0.00045501586,458.17143196122197,0,test,cnn_bilstm_final,6
603019,中科曙光,2026-03-30,2026-04-07,79.9000015258789,77.94000244140625,-0.024530651402276005,0,-0.00092645676,79.82597936846514,0,test,cnn_bilstm_final,7
603893,瑞芯微,2026-03-30,2026-04-07,149.4499969482422,147.9499969482422,-0.010036801810838998,0,-0.0031671086,148.9766749389264,0,test,cnn_bilstm_final,10
603986,兆易创新,2026-03-30,2026-04-07,255.85000610351562,249.66000366210938,-0.02419387255711773,0,-0.0011131851,255.56519992864196,0,test,cnn_bilstm_final,8
688981,中芯国际,2026-03-30,2026-04-07,95.83000183105469,95.62000274658203,-0.002191370974226611,0,-0.003113084,95.53167431559359,0,test,cnn_bilstm_final,9
002049,紫光国微,2026-03-31,2026-04-08,66.04000091552734,69.01000213623047,0.04497276165247323,1,0.0006868545,66.0853627306551,1,test,cnn_bilstm_final,4
002230,科大讯飞,2026-03-31,2026-04-08,46.209999084472656,47.90999984741211,0.03678859114088756,1,0.0026888764,46.33425244562022,1,test,cnn_bilstm_final,1
002261,拓维信息,2026-03-31,2026-04-08,34.18000030517578,36.20000076293945,0.05909890110380686,1,-0.0011403437,34.141022934565626,0,test,cnn_bilstm_final,6
002881,美格智能,2026-03-31,2026-04-08,38.2400016784668,38.400001525878906,0.004184096244488566,1,0.002199566,38.32411173236005,1,test,cnn_bilstm_final,2
300308,中际旭创,2026-03-31,2026-04-08,568.4099731445312,687.1400146484375,0.20888099631164708,1,0.0014193841,569.2167884767332,1,test,cnn_bilstm_final,3
300502,新易盛,2026-03-31,2026-04-08,442.8399963378906,501.5,0.13246320148858304,1,-0.0010040803,442.3953407658155,0,test,cnn_bilstm_final,5
603019,中科曙光,2026-03-31,2026-04-08,78.5999984741211,82.9000015258789,0.054707419023342356,1,-0.001924013,78.44876909549566,0,test,cnn_bilstm_final,8
603893,瑞芯微,2026-03-31,2026-04-08,152.22999572753906,159.8300018310547,0.04992449790984755,1,-0.003342824,151.7211201876171,0,test,cnn_bilstm_final,10
603986,兆易创新,2026-03-31,2026-04-08,238.10000610351562,255.9600067138672,0.07501050043059135,1,-0.0014509183,237.75454769441058,0,test,cnn_bilstm_final,7
688981,中芯国际,2026-03-31,2026-04-08,94.05000305175781,101.18000030517578,0.07581070730528496,1,-0.0029503875,93.77252071493513,0,test,cnn_bilstm_final,9
002049,紫光国微,2026-04-01,2026-04-09,67.4000015258789,68.4800033569336,0.016023765676622573,1,0.0010659393,67.47184786959224,1,test,cnn_bilstm_final,4
002230,科大讯飞,2026-04-01,2026-04-09,47.0099983215332,47.209999084472656,0.004254430335681199,1,0.0030970355,47.1555909820072,1,test,cnn_bilstm_final,2
002261,拓维信息,2026-04-01,2026-04-09,35.22999954223633,35.880001068115234,0.01845022805349845,1,-0.003246327,35.11563213496993,0,test,cnn_bilstm_final,10
002881,美格智能,2026-04-01,2026-04-09,38.58000183105469,37.790000915527344,-0.020476953811117717,0,0.0018825295,38.65263073312235,1,test,cnn_bilstm_final,3
300308,中际旭创,2026-04-01,2026-04-09,600.8699951171875,692.02001953125,0.15169674830623808,1,0.0044949995,603.5709205753665,1,test,cnn_bilstm_final,1
300502,新易盛,2026-04-01,2026-04-09,460.6000061035156,490.0,0.06382977313699166,1,0.00039704505,460.7829039836324,1,test,cnn_bilstm_final,5
603019,中科曙光,2026-04-01,2026-04-09,80.38999938964844,83.30000305175781,0.03619857798486421,1,-0.0012836423,80.28680711824563,0,test,cnn_bilstm_final,7
603893,瑞芯微,2026-04-01,2026-04-09,153.0,160.3699951171875,0.04816990272671569,1,-0.0030738222,152.52970683574677,0,test,cnn_bilstm_final,8
603986,兆易创新,2026-04-01,2026-04-09,255.0,250.49000549316406,-0.017686252967984067,0,-0.00064288394,254.83606159687042,0,test,cnn_bilstm_final,6
688981,中芯国际,2026-04-01,2026-04-09,96.33000183105469,99.72000122070312,0.03519152211368043,1,-0.003131276,96.0283665468578,0,test,cnn_bilstm_final,9
002049,紫光国微,2026-04-02,2026-04-10,65.9000015258789,69.37999725341797,0.05280721770806742,1,-0.00023036357,65.88482001388684,0,test,cnn_bilstm_final,5
002230,科大讯飞,2026-04-02,2026-04-10,45.880001068115234,47.63999938964844,0.038360904109837335,1,0.003710004,46.05021731772922,1,test,cnn_bilstm_final,2
002261,拓维信息,2026-04-02,2026-04-10,33.439998626708984,35.790000915527344,0.07027519094876339,1,-0.0032652495,33.33080828161428,0,test,cnn_bilstm_final,10
002881,美格智能,2026-04-02,2026-04-10,36.779998779296875,38.540000915527344,0.04785215319857917,1,0.001706442,36.842763147655205,1,test,cnn_bilstm_final,3
300308,中际旭创,2026-04-02,2026-04-10,581.0,733.6500244140625,0.26273670295019363,1,0.0054260558,584.1525346040726,1,test,cnn_bilstm_final,1
300502,新易盛,2026-04-02,2026-04-10,447.489990234375,522.5,0.16762388299755746,1,0.0005264791,447.72556159459054,1,test,cnn_bilstm_final,4
603019,中科曙光,2026-04-02,2026-04-10,78.08000183105469,85.30000305175781,0.09246927576058944,1,-0.0013322996,77.97597717041208,0,test,cnn_bilstm_final,7
603893,瑞芯微,2026-04-02,2026-04-10,149.30999755859375,170.02000427246094,0.13870475555891665,1,-0.0029603643,148.86798264689787,0,test,cnn_bilstm_final,8
603986,兆易创新,2026-04-02,2026-04-10,246.99000549316406,265.0899963378906,0.0732822804250171,1,-0.00094654283,246.75622407870105,0,test,cnn_bilstm_final,6
688981,中芯国际,2026-04-02,2026-04-10,93.19999694824219,101.01000213623047,0.08379834167082109,1,-0.0029972536,92.92065053900842,0,test,cnn_bilstm_final,9
002049,紫光国微,2026-04-03,2026-04-13,64.91999816894531,70.2699966430664,0.08240909773593127,1,0.0012598218,65.00178462751501,1,test,cnn_bilstm_final,5
002230,科大讯飞,2026-04-03,2026-04-13,45.720001220703125,47.779998779296875,0.045056813289430384,1,0.0040146066,45.90354925168867,1,test,cnn_bilstm_final,3
002261,拓维信息,2026-04-03,2026-04-13,33.56999969482422,35.9900016784668,0.07208823370992437,1,-0.004049764,33.43404864911645,0,test,cnn_bilstm_final,10
002881,美格智能,2026-04-03,2026-04-13,36.02000045776367,38.5,0.06885062495055562,1,0.004034216,36.165310959278486,1,test,cnn_bilstm_final,2
300308,中际旭创,2026-04-03,2026-04-13,605.52001953125,737.0,0.2171356457719306,1,0.006070206,609.1956812041462,1,test,cnn_bilstm_final,1
300502,新易盛,2026-04-03,2026-04-13,455.29998779296875,512.719970703125,0.12611461552743533,1,0.0013274966,455.90440519619733,1,test,cnn_bilstm_final,4
603019,中科曙光,2026-04-03,2026-04-13,77.88999938964844,88.98999786376953,0.14250864759406176,1,-0.0005018603,77.85090864927406,0,test,cnn_bilstm_final,6
603893,瑞芯微,2026-04-03,2026-04-13,149.13999938964844,168.8300018310547,0.1320236188949113,1,-0.0026565315,148.74380608601587,0,test,cnn_bilstm_final,8
603986,兆易创新,2026-04-03,2026-04-13,249.10000610351562,262.1400146484375,0.05234848745649163,1,-0.0012712446,248.78333825289155,0,test,cnn_bilstm_final,7
688981,中芯国际,2026-04-03,2026-04-13,91.77999877929688,100.63999938964844,0.09653520078658077,1,-0.0031150547,91.49409876488426,0,test,cnn_bilstm_final,9
002049,紫光国微,2026-04-07,2026-04-14,65.58000183105469,71.04000091552734,0.08325707429131443,1,0.00073569466,65.62824513808482,1,test,cnn_bilstm_final,5
002230,科大讯飞,2026-04-07,2026-04-14,45.58000183105469,48.33000183105469,0.06033347717257797,1,0.0033449237,45.732462080881305,1,test,cnn_bilstm_final,2
002261,拓维信息,2026-04-07,2026-04-14,33.810001373291016,36.4900016784668,0.07926649501093806,1,-0.0040730312,33.67229243315205,0,test,cnn_bilstm_final,10
002881,美格智能,2026-04-07,2026-04-14,35.900001525878906,38.93000030517578,0.08440107661590676,1,0.0031847027,36.01433140525387,1,test,cnn_bilstm_final,3
300308,中际旭创,2026-04-07,2026-04-14,618.530029296875,772.0,0.24812048475251025,1,0.004785249,621.489880613808,1,test,cnn_bilstm_final,1
300502,新易盛,2026-04-07,2026-04-14,458.70001220703125,520.0,0.13363851354183395,1,0.0012157421,459.2576521306619,1,test,cnn_bilstm_final,4
603019,中科曙光,2026-04-07,2026-04-14,77.94000244140625,88.8499984741211,0.13997941610172213,1,-0.0010387345,77.8590438114079,0,test,cnn_bilstm_final,6
603893,瑞芯微,2026-04-07,2026-04-14,147.9499969482422,169.77000427246094,0.1474823100662321,1,-0.0026484071,147.55816422615044,0,test,cnn_bilstm_final,8
603986,兆易创新,2026-04-07,2026-04-14,249.66000366210938,280.010009765625,0.12156535151137551,1,-0.0015487089,249.27335334568306,0,test,cnn_bilstm_final,7
688981,中芯国际,2026-04-07,2026-04-14,95.62000274658203,101.5199966430664,0.06170250708024867,1,-0.0034609726,95.28906730058907,0,test,cnn_bilstm_final,9
002049,紫光国微,2026-04-08,2026-04-15,69.01000213623047,70.18000030517578,0.01695403757031707,1,0.0016252756,69.12216405500476,1,test,cnn_bilstm_final,2
002230,科大讯飞,2026-04-08,2026-04-15,47.90999984741211,47.540000915527344,-0.007722791339243792,0,0.0024268795,48.02627083979769,1,test,cnn_bilstm_final,1
002261,拓维信息,2026-04-08,2026-04-15,36.20000076293945,36.400001525878906,0.005524882837687902,1,-0.0068408703,35.95236073210458,0,test,cnn_bilstm_final,10
002881,美格智能,2026-04-08,2026-04-15,38.400001525878906,38.65999984741211,0.0067707893542135016,1,-0.002185161,38.31609115267156,0,test,cnn_bilstm_final,6
300308,中际旭创,2026-04-08,2026-04-15,687.1400146484375,778.97998046875,0.13365538880354788,1,0.0015580276,688.2106237401313,1,test,cnn_bilstm_final,3
300502,新易盛,2026-04-08,2026-04-15,501.5,496.9800109863281,-0.009012939209714606,0,0.0006193785,501.8106348514557,1,test,cnn_bilstm_final,5
603019,中科曙光,2026-04-08,2026-04-15,82.9000015258789,88.29000091552734,0.06501808553002066,1,0.0009398592,82.97791476393104,1,test,cnn_bilstm_final,4
603893,瑞芯微,2026-04-08,2026-04-15,159.8300018310547,170.47999572753906,0.0666332589280813,1,-0.0029073013,159.3653318781071,0,test,cnn_bilstm_final,8
603986,兆易创新,2026-04-08,2026-04-15,255.9600067138672,274.0,0.07047973438404921,1,-0.0022524996,255.38345190204836,0,test,cnn_bilstm_final,7
688981,中芯国际,2026-04-08,2026-04-15,101.18000030517578,103.91000366210938,0.02698165001679628,1,-0.0037361793,100.80197179561083,0,test,cnn_bilstm_final,9
002049,紫光国微,2026-04-09,2026-04-16,68.4800033569336,70.98999786376953,0.036652955370829444,1,-0.0010061412,68.41110381742328,0,test,cnn_bilstm_final,5
002230,科大讯飞,2026-04-09,2026-04-16,47.209999084472656,48.099998474121094,0.018851925585848143,1,0.0011055445,47.262191955031085,1,test,cnn_bilstm_final,1
002261,拓维信息,2026-04-09,2026-04-16,35.880001068115234,37.119998931884766,0.03455958268829193,1,-0.0075332047,35.609710108340096,0,test,cnn_bilstm_final,10
002881,美格智能,2026-04-09,2026-04-16,37.790000915527344,40.150001525878906,0.06245039833756325,1,-0.0020073848,37.71414258177083,0,test,cnn_bilstm_final,6
300308,中际旭创,2026-04-09,2026-04-16,692.02001953125,808.6099853515625,0.1684777355130368,1,0.00033224572,692.2499336951296,1,test,cnn_bilstm_final,2
300502,新易盛,2026-04-09,2026-04-16,490.0,537.5,0.09693877551020408,1,-0.0008556804,489.5807147026062,0,test,cnn_bilstm_final,4
603019,中科曙光,2026-04-09,2026-04-16,83.30000305175781,88.98999786376953,0.06830725814591249,1,-2.3469096e-05,83.29804681532369,0,test,cnn_bilstm_final,3
603893,瑞芯微,2026-04-09,2026-04-16,160.3699951171875,170.97999572753906,0.0661595119623125,1,-0.003414909,159.82234298406547,0,test,cnn_bilstm_final,8
603986,兆易创新,2026-04-09,2026-04-16,250.49000549316406,286.7300109863281,0.1446764529459562,1,-0.002612319,249.83565226371593,0,test,cnn_bilstm_final,7
688981,中芯国际,2026-04-09,2026-04-16,99.72000122070312,104.18000030517578,0.04472522091733293,1,-0.004913854,99.22999044533753,0,test,cnn_bilstm_final,9
002049,紫光国微,2026-04-10,2026-04-17,69.37999725341797,72.88999938964844,0.05059098119317885,1,-0.003677498,69.12485318955532,0,test,cnn_bilstm_final,8
002230,科大讯飞,2026-04-10,2026-04-17,47.63999938964844,48.2400016784668,0.012594506643690936,1,0.00014257024,47.64679162970424,1,test,cnn_bilstm_final,3
002261,拓维信息,2026-04-10,2026-04-17,35.790000915527344,37.65999984741211,0.052249200448426764,1,-0.008900332,35.47145758231227,0,test,cnn_bilstm_final,10
002881,美格智能,2026-04-10,2026-04-17,38.540000915527344,40.0,0.03788269459756133,1,0.0007934597,38.57058075023815,1,test,cnn_bilstm_final,1
300308,中际旭创,2026-04-10,2026-04-17,733.6500244140625,850.0,0.15859057004579488,1,-0.00067652937,733.1537008418381,0,test,cnn_bilstm_final,5
300502,新易盛,2026-04-10,2026-04-17,522.5,589.0,0.12727272727272726,1,-0.0006498483,522.1604432165623,0,test,cnn_bilstm_final,4
603019,中科曙光,2026-04-10,2026-04-17,85.30000305175781,89.91999816894531,0.05416172276552215,1,0.00058103295,85.34956457792214,1,test,cnn_bilstm_final,2
603893,瑞芯微,2026-04-10,2026-04-17,170.02000427246094,170.92999267578125,0.0053522431505297185,1,-0.0024918953,169.59633288868554,0,test,cnn_bilstm_final,6
603986,兆易创新,2026-04-10,2026-04-17,265.0899963378906,288.9599914550781,0.0900448732390572,1,-0.0031483332,264.2554089065452,0,test,cnn_bilstm_final,7
688981,中芯国际,2026-04-10,2026-04-17,101.01000213623047,105.2300033569336,0.04177805297946317,1,-0.0076136463,100.24094643396893,0,test,cnn_bilstm_final,9
002049,紫光国微,2026-04-13,2026-04-20,70.2699966430664,73.12000274658203,0.04055793709500394,1,-0.008828156,69.6496416483642,0,test,cnn_bilstm_final,9
002230,科大讯飞,2026-04-13,2026-04-20,47.779998779296875,48.939998626708984,0.024277937987615406,1,-0.004976767,47.542209698076476,0,test,cnn_bilstm_final,6
002261,拓维信息,2026-04-13,2026-04-20,35.9900016784668,37.66999816894531,0.0466795335406632,1,-0.011986526,35.558605591801324,0,test,cnn_bilstm_final,10
002881,美格智能,2026-04-13,2026-04-20,38.5,40.150001525878906,0.042857182490361204,1,-0.0010057108,38.461280196905136,0,test,cnn_bilstm_final,1
300308,中际旭创,2026-04-13,2026-04-20,737.0,849.0,0.1519674355495251,1,-0.001393849,735.9727291464806,0,test,cnn_bilstm_final,2
300502,新易盛,2026-04-13,2026-04-20,512.719970703125,583.0,0.13707293125425873,1,-0.0015211882,511.9400363938621,0,test,cnn_bilstm_final,3
603019,中科曙光,2026-04-13,2026-04-20,88.98999786376953,91.97000122070312,0.03348694716787763,1,-0.0029258025,88.72962975352175,0,test,cnn_bilstm_final,5
603893,瑞芯微,2026-04-13,2026-04-20,168.8300018310547,177.3699951171875,0.050583386800401975,1,-0.005273597,167.93966321694825,0,test,cnn_bilstm_final,7
603986,兆易创新,2026-04-13,2026-04-20,262.1400146484375,290.5400085449219,0.10833902612911774,1,-0.0025115926,261.48161840812827,0,test,cnn_bilstm_final,4
688981,中芯国际,2026-04-13,2026-04-20,100.63999938964844,107.95999908447266,0.07273449661384969,1,-0.008060417,99.82880116954675,0,test,cnn_bilstm_final,8
002049,紫光国微,2026-04-14,2026-04-21,71.04000091552734,70.2699966430664,-0.0108390239658997,0,-0.006716233,70.56287841181984,0,test,cnn_bilstm_final,9
002230,科大讯飞,2026-04-14,2026-04-21,48.33000183105469,48.779998779296875,0.00931092346768834,1,-0.005128811,48.08212687566538,0,test,cnn_bilstm_final,6
002261,拓维信息,2026-04-14,2026-04-21,36.4900016784668,36.150001525878906,-0.00931762501914405,0,-0.015062528,35.94037062798975,0,test,cnn_bilstm_final,10
002881,美格智能,2026-04-14,2026-04-21,38.93000030517578,39.43000030517578,0.012843565273065885,1,-0.0055521466,38.71385422179537,0,test,cnn_bilstm_final,7
300308,中际旭创,2026-04-14,2026-04-21,772.0,863.8599853515625,0.1189896183310395,1,-0.0011585611,771.1056106090546,0,test,cnn_bilstm_final,2
300502,新易盛,2026-04-14,2026-04-21,520.0,578.5,0.1125,1,-0.0006744729,519.6492671966553,0,test,cnn_bilstm_final,1
603019,中科曙光,2026-04-14,2026-04-21,88.8499984741211,89.4000015258789,0.006190242669705945,1,-0.0033677733,88.55077108062596,0,test,cnn_bilstm_final,4
603893,瑞芯微,2026-04-14,2026-04-21,169.77000427246094,174.3300018310547,0.026859854178218016,1,-0.0047565633,168.96248138660485,0,test,cnn_bilstm_final,5
603986,兆易创新,2026-04-14,2026-04-21,280.010009765625,306.2699890136719,0.09378228753331747,1,-0.0020244452,279.44313740839425,0,test,cnn_bilstm_final,3
688981,中芯国际,2026-04-14,2026-04-21,101.5199966430664,107.45999908447266,0.05851066428115312,1,-0.006519473,100.85813738627303,0,test,cnn_bilstm_final,8
002049,紫光国微,2026-04-15,2026-04-22,70.18000030517578,72.43000030517578,0.03206041593354143,1,-0.006965795,69.69113933469862,0,test,cnn_bilstm_final,8
002230,科大讯飞,2026-04-15,2026-04-22,47.540000915527344,49.5099983215332,0.04143873302624245,1,-0.0069056954,47.21170512282424,0,test,cnn_bilstm_final,7
002261,拓维信息,2026-04-15,2026-04-22,36.400001525878906,38.43000030517578,0.055769194895599915,1,-0.017348882,35.76850206588915,0,test,cnn_bilstm_final,10
002881,美格智能,2026-04-15,2026-04-22,38.65999984741211,39.7400016784668,0.027935898482084,1,-0.0072793933,38.37857839695425,0,test,cnn_bilstm_final,9
300308,中际旭创,2026-04-15,2026-04-22,778.97998046875,885.6199951171875,0.13689699006676273,1,-0.0017718835,777.5997313332919,0,test,cnn_bilstm_final,2
300502,新易盛,2026-04-15,2026-04-22,496.9800109863281,622.7100219726562,0.25298806432234344,1,-0.0015540221,496.20769793710497,0,test,cnn_bilstm_final,1
603019,中科曙光,2026-04-15,2026-04-22,88.29000091552734,91.83999633789062,0.04020835185809758,1,-0.0045570303,87.88766218841101,0,test,cnn_bilstm_final,4
603893,瑞芯微,2026-04-15,2026-04-22,170.47999572753906,178.32000732421875,0.0459878683315407,1,-0.004906156,169.64359060476272,0,test,cnn_bilstm_final,5
603986,兆易创新,2026-04-15,2026-04-22,274.0,313.9800109863281,0.14591244885521212,1,-0.0022159184,273.3928374052048,0,test,cnn_bilstm_final,3
688981,中芯国际,2026-04-15,2026-04-22,103.91000366210938,107.87000274658203,0.038109892646617856,1,-0.0058370344,103.30347855397304,0,test,cnn_bilstm_final,6
002049,紫光国微,2026-04-16,2026-04-23,70.98999786376953,71.36000061035156,0.005212040536922821,1,-0.0050702887,70.63005947063675,0,test,cnn_bilstm_final,7
002230,科大讯飞,2026-04-16,2026-04-23,48.099998474121094,48.88999938964844,0.01642413597897269,1,-0.005173334,47.851161523606606,0,test,cnn_bilstm_final,8
002261,拓维信息,2026-04-16,2026-04-23,37.119998931884766,38.220001220703125,0.02963368320233157,1,-0.01706061,36.48670808707038,0,test,cnn_bilstm_final,10
002881,美格智能,2026-04-16,2026-04-23,40.150001525878906,39.18000030517578,-0.02415943172699272,0,-0.0048816926,39.95400206595832,0,test,cnn_bilstm_final,6
300308,中际旭创,2026-04-16,2026-04-23,808.6099853515625,896.0,0.1080743698835757,1,-0.0020073825,806.9868097849685,0,test,cnn_bilstm_final,3
300502,新易盛,2026-04-16,2026-04-23,537.5,608.280029296875,0.1316837754360465,1,-0.00041666988,537.2760258615017,0,test,cnn_bilstm_final,1
603019,中科曙光,2026-04-16,2026-04-23,88.98999786376953,91.68000030517578,0.03022814367884629,1,-0.0041266517,88.62276568936704,0,test,cnn_bilstm_final,4
603893,瑞芯微,2026-04-16,2026-04-23,170.97999572753906,176.77999877929688,0.03392211484786948,1,-0.0046233684,170.18949476906073,0,test,cnn_bilstm_final,5
603986,兆易创新,2026-04-16,2026-04-23,286.7300109863281,304.79998779296875,0.06302087718157356,1,-0.0013703988,286.33708466991266,0,test,cnn_bilstm_final,2
688981,中芯国际,2026-04-16,2026-04-23,104.18000030517578,105.9800033569336,0.01727781768559264,1,-0.0057058563,103.5855665761701,0,test,cnn_bilstm_final,9
002049,紫光国微,2026-04-17,2026-04-24,72.88999938964844,71.0999984741211,-0.02455756524236647,0,-0.0034290506,72.64005555719814,0,test,cnn_bilstm_final,6
002230,科大讯飞,2026-04-17,2026-04-24,48.2400016784668,49.06999969482422,0.01720559675535653,1,-0.0037289858,48.06011539787005,0,test,cnn_bilstm_final,7
002261,拓维信息,2026-04-17,2026-04-24,37.65999984741211,39.47999954223633,0.048327129638830416,1,-0.016637681,37.03342471138194,0,test,cnn_bilstm_final,10
002881,美格智能,2026-04-17,2026-04-24,40.0,39.5,-0.0125,0,-0.0028673233,39.8853063583374,0,test,cnn_bilstm_final,5
300308,中际旭创,2026-04-17,2026-04-24,850.0,885.989990234375,0.04234116498161765,1,-0.0024507553,847.9168504476547,0,test,cnn_bilstm_final,3
300502,新易盛,2026-04-17,2026-04-24,589.0,537.27001953125,-0.08782679196731749,0,-0.0013362151,588.2129682302475,0,test,cnn_bilstm_final,2
603019,中科曙光,2026-04-17,2026-04-24,89.91999816894531,92.76000213623047,0.03158367465654573,1,-0.0024731737,89.69761023020601,0,test,cnn_bilstm_final,4
603893,瑞芯微,2026-04-17,2026-04-24,170.92999267578125,178.64999389648438,0.045164696375704916,1,-0.0040429262,170.23893580000367,0,test,cnn_bilstm_final,8
603986,兆易创新,2026-04-17,2026-04-24,288.9599914550781,297.70001220703125,0.03024647359636932,1,-0.0012853608,288.58856974746413,0,test,cnn_bilstm_final,1
688981,中芯国际,2026-04-17,2026-04-24,105.2300033569336,110.95999908447266,0.054452110089774255,1,-0.004373764,104.76974954328944,0,test,cnn_bilstm_final,9
002049,紫光国微,2026-04-20,2026-04-27,73.12000274658203,73.36000061035156,0.003282246372464064,1,-0.0033699092,72.87359364537679,0,test,cnn_bilstm_final,7
002230,科大讯飞,2026-04-20,2026-04-27,48.939998626708984,49.810001373291016,0.017776926256537075,1,-0.0027851122,48.803696490774655,0,test,cnn_bilstm_final,6
002261,拓维信息,2026-04-20,2026-04-27,37.66999816894531,38.29999923706055,0.016724212868016532,1,-0.016272672,37.057006943219676,0,test,cnn_bilstm_final,10
002881,美格智能,2026-04-20,2026-04-27,40.150001525878906,39.38999938964844,-0.01892906867613953,0,-0.0045837075,39.96596530572515,0,test,cnn_bilstm_final,9
300308,中际旭创,2026-04-20,2026-04-27,849.0,856.030029296875,0.008280364307273263,1,-0.001092704,848.0722705721855,0,test,cnn_bilstm_final,3
300502,新易盛,2026-04-20,2026-04-27,583.0,538.0,-0.07718696397941681,0,-0.0002682649,582.8435924649239,0,test,cnn_bilstm_final,1
603019,中科曙光,2026-04-20,2026-04-27,91.97000122070312,94.23999786376953,0.02468192468127763,1,-0.0034716818,91.65071149342657,0,test,cnn_bilstm_final,8
603893,瑞芯微,2026-04-20,2026-04-27,177.3699951171875,185.49000549316406,0.045780067652433046,1,-0.0027811104,176.87671264397068,0,test,cnn_bilstm_final,5
603986,兆易创新,2026-04-20,2026-04-27,290.5400085449219,303.4200134277344,0.04433126076961981,1,-0.00090124214,290.2781674308062,0,test,cnn_bilstm_final,2
688981,中芯国际,2026-04-20,2026-04-27,107.95999908447266,116.58000183105469,0.07984441292776745,1,-0.0023206198,107.70946201060087,0,test,cnn_bilstm_final,4
002049,紫光国微,2026-04-21,2026-04-28,70.2699966430664,74.43000030517578,0.05920028263612911,1,-0.0029034037,70.0659746046972,0,test,cnn_bilstm_final,7
002230,科大讯飞,2026-04-21,2026-04-28,48.779998779296875,49.16999816894531,0.007995067638541237,1,-0.004684852,48.551471047159794,0,test,cnn_bilstm_final,9
002261,拓维信息,2026-04-21,2026-04-28,36.150001525878906,35.029998779296875,-0.03098209403339163,0,-0.01557955,35.58680179424073,0,test,cnn_bilstm_final,10
002881,美格智能,2026-04-21,2026-04-28,39.43000030517578,38.20000076293945,-0.031194510086647708,0,-0.0028913626,39.315993911933674,0,test,cnn_bilstm_final,6
300308,中际旭创,2026-04-21,2026-04-28,863.8599853515625,824.0,-0.046141719754898475,0,-0.0018103141,862.2961290195526,0,test,cnn_bilstm_final,3
300502,新易盛,2026-04-21,2026-04-28,578.5,535.4600219726562,-0.07439927057449222,0,-0.00078134844,578.0479848086834,0,test,cnn_bilstm_final,1
603019,中科曙光,2026-04-21,2026-04-28,89.4000015258789,90.9000015258789,0.01677852320355711,1,-0.002493695,89.17706657267581,0,test,cnn_bilstm_final,4
603893,瑞芯微,2026-04-21,2026-04-28,174.3300018310547,182.08999633789062,0.04451324743492082,1,-0.0041105715,173.61340533219118,0,test,cnn_bilstm_final,8
603986,兆易创新,2026-04-21,2026-04-28,306.2699890136719,307.5,0.0040161002724730475,1,-0.00080387376,306.0237822924955,0,test,cnn_bilstm_final,2
688981,中芯国际,2026-04-21,2026-04-28,107.45999908447266,114.0,0.06085986386791563,1,-0.0027203197,107.16767603765629,0,test,cnn_bilstm_final,5
002049,紫光国微,2026-04-22,2026-04-29,72.43000030517578,75.87999725341797,0.04763215426903227,1,-0.0038315542,72.1524800235261,0,test,cnn_bilstm_final,5
002230,科大讯飞,2026-04-22,2026-04-29,49.5099983215332,48.060001373291016,-0.029286952078355164,0,-0.004330722,49.29558563542082,0,test,cnn_bilstm_final,8
002261,拓维信息,2026-04-22,2026-04-29,38.43000030517578,34.90999984741211,-0.09159511917280926,0,-0.016143274,37.80961472674289,0,test,cnn_bilstm_final,10
002881,美格智能,2026-04-22,2026-04-29,39.7400016784668,38.81999969482422,-0.023150527045424942,0,-0.0042689284,39.570353826271685,0,test,cnn_bilstm_final,7
300308,中际旭创,2026-04-22,2026-04-29,885.6199951171875,845.0,-0.04586616759009891,0,-0.00040268974,885.2633657045953,0,test,cnn_bilstm_final,1
300502,新易盛,2026-04-22,2026-04-29,622.7100219726562,537.0,-0.13764034453972518,0,-0.0011761325,621.9776409772894,0,test,cnn_bilstm_final,3
603019,中科曙光,2026-04-22,2026-04-29,91.83999633789062,90.41999816894531,-0.015461653152957071,0,-0.0023010431,91.62866907962416,0,test,cnn_bilstm_final,4
603893,瑞芯微,2026-04-22,2026-04-29,178.32000732421875,182.3699951171875,0.02271190907706236,1,-0.004854956,177.45426776667955,0,test,cnn_bilstm_final,9
603986,兆易创新,2026-04-22,2026-04-29,313.9800109863281,308.8900146484375,-0.016211211414067575,0,-0.0005166548,313.8177922525865,0,test,cnn_bilstm_final,2
688981,中芯国际,2026-04-22,2026-04-29,107.87000274658203,112.47000122070312,0.0426439080096051,1,-0.004174352,107.41971541807925,0,test,cnn_bilstm_final,6
002049,紫光国微,2026-04-23,2026-04-30,71.36000061035156,77.31999969482422,0.08352016582813891,1,-0.003944151,71.0785454535253,0,test,cnn_bilstm_final,7
002230,科大讯飞,2026-04-23,2026-04-30,48.88999938964844,47.790000915527344,-0.022499457718422437,0,-0.0042903735,48.68024164163671,0,test,cnn_bilstm_final,8
002261,拓维信息,2026-04-23,2026-04-30,38.220001220703125,35.439998626708984,-0.07273685256944107,0,-0.016480362,37.590120837836366,0,test,cnn_bilstm_final,10
002881,美格智能,2026-04-23,2026-04-30,39.18000030517578,39.06999969482422,-0.00280757043120878,0,-0.008759595,38.836798476883814,0,test,cnn_bilstm_final,9
300308,中际旭创,2026-04-23,2026-04-30,896.0,857.5,-0.04296875,0,0.00023728178,896.2125549316406,1,test,cnn_bilstm_final,1
300502,新易盛,2026-04-23,2026-04-30,608.280029296875,525.7899780273438,-0.1356119670160525,0,-0.00056656706,607.9354130221327,0,test,cnn_bilstm_final,3
603019,中科曙光,2026-04-23,2026-04-30,91.68000030517578,92.95999908447266,0.013961592223343535,1,-0.0030647777,91.3990238752549,0,test,cnn_bilstm_final,4
603893,瑞芯微,2026-04-23,2026-04-30,176.77999877929688,182.89999389648438,0.03461927344409636,1,-0.0034959563,176.16198799083213,0,test,cnn_bilstm_final,5
603986,兆易创新,2026-04-23,2026-04-30,304.79998779296875,312.989990234375,0.02687008782614912,1,-0.00043954985,304.66602068483917,0,test,cnn_bilstm_final,2
688981,中芯国际,2026-04-23,2026-04-30,105.9800033569336,118.7300033569336,0.12030571424930842,1,-0.0035822177,105.60035763968517,0,test,cnn_bilstm_final,6
002049,紫光国微,2026-04-24,2026-05-06,71.0999984741211,79.05000305175781,0.11181441277428934,1,-0.00572609,70.69287284294296,0,test,cnn_bilstm_final,8
002230,科大讯飞,2026-04-24,2026-05-06,49.06999969482422,49.47999954223633,0.008355407580231861,1,-0.0048613907,48.83145009010377,0,test,cnn_bilstm_final,7
002261,拓维信息,2026-04-24,2026-05-06,39.47999954223633,37.599998474121094,-0.047619075225772974,0,-0.017393734,38.79329594931505,0,test,cnn_bilstm_final,10
002881,美格智能,2026-04-24,2026-05-06,39.5,39.810001373291016,0.00784813603268394,1,-0.0078145275,39.19132620096207,0,test,cnn_bilstm_final,9
300308,中际旭创,2026-04-24,2026-05-06,885.989990234375,856.0,-0.03384912986030645,0,0.0012214516,887.0721546935965,1,test,cnn_bilstm_final,1
300502,新易盛,2026-04-24,2026-05-06,537.27001953125,522.47998046875,-0.027528130222869707,0,-0.0002934771,537.1123343958752,0,test,cnn_bilstm_final,3
603019,中科曙光,2026-04-24,2026-05-06,92.76000213623047,99.80000305175781,0.07589479035574148,1,-0.0037954347,92.4079366531355,0,test,cnn_bilstm_final,5
603893,瑞芯微,2026-04-24,2026-05-06,178.64999389648438,181.4499969482422,0.015673121452107218,1,-0.003798584,177.97137331300837,0,test,cnn_bilstm_final,6
603986,兆易创新,2026-04-24,2026-05-06,297.70001220703125,344.2900085449219,0.15649981332714985,1,-0.0001225908,297.6635121747786,0,test,cnn_bilstm_final,2
688981,中芯国际,2026-04-24,2026-05-06,110.95999908447266,123.0999984741211,0.10940879136459244,1,-0.0025449859,110.6776059841568,0,test,cnn_bilstm_final,4
002049,紫光国微,2026-04-27,2026-05-07,73.36000061035156,79.01000213623047,0.07701746835974883,1,-0.006214663,72.90409180738698,0,test,cnn_bilstm_final,8
002230,科大讯飞,2026-04-27,2026-05-07,49.810001373291016,49.97999954223633,0.0034129324283951627,1,-0.0060396963,49.509164951494085,0,test,cnn_bilstm_final,7
002261,拓维信息,2026-04-27,2026-05-07,38.29999923706055,37.75,-0.014360293681895078,0,-0.012898527,37.80598651558762,0,test,cnn_bilstm_final,10
002881,美格智能,2026-04-27,2026-05-07,39.38999938964844,40.720001220703125,0.03376496196149238,1,-0.0067746774,39.12314538177088,0,test,cnn_bilstm_final,9
300308,中际旭创,2026-04-27,2026-05-07,856.030029296875,877.469970703125,0.025045781891390322,1,0.002395926,858.0809645091067,1,test,cnn_bilstm_final,1
300502,新易盛,2026-04-27,2026-05-07,538.0,563.5,0.047397769516728624,1,0.0005953737,538.3202881813049,1,test,cnn_bilstm_final,2
603019,中科曙光,2026-04-27,2026-05-07,94.23999786376953,98.75,0.04785656025533861,1,-0.0045026653,93.81566775330157,0,test,cnn_bilstm_final,6
603893,瑞芯微,2026-04-27,2026-05-07,185.49000549316406,181.05999755859375,-0.023882731162750293,0,-0.0036282586,184.81700065050245,0,test,cnn_bilstm_final,5
603986,兆易创新,2026-04-27,2026-05-07,303.4200134277344,350.1600036621094,0.15404386054286123,1,-0.00075931964,303.18962552839184,0,test,cnn_bilstm_final,3
688981,中芯国际,2026-04-27,2026-05-07,116.58000183105469,125.33999633789062,0.0751414854112864,1,-0.0026207343,116.2744740187818,0,test,cnn_bilstm_final,4
002049,紫光国微,2026-04-28,2026-05-08,74.43000030517578,77.36000061035156,0.03936585104342707,1,-0.005337094,74.03275852874958,0,test,cnn_bilstm_final,8
002230,科大讯飞,2026-04-28,2026-05-08,49.16999816894531,49.90999984741211,0.015049861826803273,1,-0.0058718454,48.881280182026785,0,test,cnn_bilstm_final,9
002261,拓维信息,2026-04-28,2026-05-08,35.029998779296875,35.869998931884766,0.02397945138052189,1,-0.01329265,34.56435655666792,0,test,cnn_bilstm_final,10
002881,美格智能,2026-04-28,2026-05-08,38.20000076293945,41.310001373291016,0.08141362691722237,1,-0.004692084,38.020763393637026,0,test,cnn_bilstm_final,7
300308,中际旭创,2026-04-28,2026-05-08,824.0,886.0,0.07524271844660194,1,0.005553677,828.5762672424316,1,test,cnn_bilstm_final,1
300502,新易盛,2026-04-28,2026-05-08,535.4600219726562,551.6699829101562,0.03027296207433349,1,0.0021716142,536.622846033606,1,test,cnn_bilstm_final,2
603019,中科曙光,2026-04-28,2026-05-08,90.9000015258789,96.30000305175781,0.05940595638319703,1,-0.0034160055,90.58948695734443,0,test,cnn_bilstm_final,6
603893,瑞芯微,2026-04-28,2026-05-08,182.08999633789062,178.3000030517578,-0.020813846792000636,0,-0.0022548414,181.6794118546568,0,test,cnn_bilstm_final,4
603986,兆易创新,2026-04-28,2026-05-08,307.5,334.1000061035156,0.0865040848894817,1,-0.001110589,307.1584863960743,0,test,cnn_bilstm_final,3
688981,中芯国际,2026-04-28,2026-05-08,114.0,120.30999755859375,0.05535085577713816,1,-0.0030886428,113.64789354801178,0,test,cnn_bilstm_final,5
